"legislator","party","coord1D","rank"
"DAUPHINAIS","R",1,1
"FISHBEIN","R",1,2
"MASTROFRANCESCO","R",1,3
"PISCOPO","R",0.994252622127533,4
"REDDINGTON-HUGHES","R",0.948883712291718,5
"DUBITSKY","R",0.948294639587402,6
"PAVALOCK-D'AMATO","R",0.948138475418091,7
"VEACH","R",0.930943310260773,8
"ANDERSON","R",0.89610230922699,9
"VAIL","R",0.893217504024506,10
"WEIR","R",0.885128080844879,11
"DECAPRIO","R",0.883631646633148,12
"CANINO","R",0.877221763134003,13
"CASE","R",0.84021383523941,14
"LANOUE","R",0.827043116092682,15
"ZUPKUS","R",0.816404402256012,16
"HOXHA","R",0.798446774482727,17
"HAINES","R",0.796123206615448,18
"ZAWISTOWSKI","R",0.784695506095886,19
"JENSEN","R",0.783027172088623,20
"BUCKBEE","R",0.777550399303436,21
"CANDELORA, V.","R",0.773188173770905,22
"NUCCIO","R",0.726066172122955,23
"PIZZUTO","R",0.716086089611053,24
"ROMANO","R",0.711309432983398,25
"POLLETTA","R",0.709242582321167,26
"FONCELLO","R",0.707840323448181,27
"COURPAS","R",0.704747676849365,28
"SCOTT","R",0.703540921211243,29
"CALLAHAN","R",0.696153402328491,30
"STEWART","R",0.688287317752838,31
"BOLINSKY","R",0.687264919281006,32
"KLARIDES-DITRIA","R",0.681164085865021,33
"MCGORTY, B.","R",0.667045116424561,34
"MARRA","R",0.664158344268799,35
"KENNEDY","R",0.658133029937744,36
"BRONKO","R",0.642926752567291,37
"RUTIGLIANO","R",0.640176355838776,38
"O'DEA","R",0.63272625207901,39
"HALL, C.","R",0.632274270057678,40
"ZULLO","R",0.628276824951172,41
"CARPINO","R",0.62721860408783,42
"ACKERT","R",0.623446583747864,43
"HOWARD","R",0.617516815662384,44
"BUCHSBAUM","R",0.585501968860626,45
"ANISKOVICH","R",0.582998096942902,46
"YACCARINO","R",0.542994558811188,47
"CARNEY","R",0.512818574905396,48
"DELNICKI","R",0.427097499370575,49
"DIGIOVANCARLO","D",-0.392126739025116,50
"BARRY","D",-0.422853827476501,51
"POULOS","D",-0.435811877250671,52
"BOYD","D",-0.474709540605545,53
"GONZALEZ","D",-0.478067129850388,54
"WOOD","D",-0.521995842456818,55
"MESKERS","D",-0.52213329076767,56
"HEFFERNAN","D",-0.541763484477997,57
"REYES","D",-0.576364874839783,58
"ARZENO","D",-0.59875476360321,59
"SANTANELLA","D",-0.603239417076111,60
"NAPOLI","D",-0.61489200592041,61
"ALLIE-BRENNAN","D",-0.6325763463974,62
"QUINN","D",-0.634644567966461,63
"FOSTER","D",-0.656056523323059,64
"MCGEE","D",-0.696184039115906,65
"GRESKO","D",-0.698043465614319,66
"CONSTANTINE","D",-0.712941884994507,67
"OSBORNE","D",-0.72054249048233,68
"RYAN","D",-0.72693395614624,69
"BUTLER","D",-0.730246424674988,70
"STEINBERG","D",-0.739696443080902,71
"GIBSON","D",-0.745417177677155,72
"SANCHEZ, R.","D",-0.74773633480072,73
"SMITH","D",-0.756433129310608,74
"CANDELARIA, J.","D",-0.764597654342651,75
"RITTER","D",-0.769199788570404,76
"DEFRONZO","D",-0.772297203540802,77
"GENGA","D",-0.775504767894745,78
"LEEPER","D",-0.77580714225769,79
"HORN","D",-0.779959321022034,80
"CONCEPCION","D",-0.787207722663879,81
"SANTOS","D",-0.794938027858734,82
"PAOLILLO","D",-0.796750068664551,83
"MCCARTHY VAHEY","D",-0.799024760723114,84
"BUMGARDNER","D",-0.800075173377991,85
"GODFREY","D",-0.801598250865936,86
"DOUCETTE","D",-0.804238736629486,87
"BIGGINS","D",-0.804492950439453,88
"MUSHINSKY","D",-0.806683719158173,89
"DATHAN","D",-0.808777809143066,90
"PARKER","D",-0.811255693435669,91
"SANTIAGO","D",-0.811479985713959,92
"GAIEWSKI","D",-0.811698317527771,93
"SANCHEZ, E.","D",-0.815066814422607,94
"ROBERTS","D",-0.815577447414398,95
"GEE","D",-0.816580712795258,96
"SANCHEZ, J.","D",-0.817031145095825,97
"COLLINS MAIN","D",-0.817589104175568,98
"JOHNSON, S.","D",-0.817923367023468,99
"GUCKER","D",-0.817996680736542,100
"WALKER","D",-0.818118333816528,101
"DELANY","D",-0.820422947406769,102
"SANCHEZ, I.","D",-0.821268379688263,103
"PEMBERTON","D",-0.822298765182495,104
"JACOBSON","D",-0.822426795959473,105
"LAMARK MUIR","D",-0.822794914245605,106
"BROWN, K.","D",-0.822949230670929,107
"JOHNSON, D.","D",-0.823311924934387,108
"BROWN, M.","D",-0.823677241802216,109
"ROJAS","D",-0.824187874794006,110
"BELTON","D",-0.825230360031128,111
"FORTIER","D",-0.828649044036865,112
"WILSON","D",-0.829033672809601,113
"WELANDER","D",-0.829830229282379,114
"FAZZINO","D",-0.835662007331848,115
"BAKER","D",-0.84117579460144,116
"COMEY","D",-0.843997895717621,117
"DILLON","D",-0.845374763011932,118
"NOLAN","D",-0.845403730869293,119
"RADER","D",-0.845614731311798,120
"BLUMENTHAL","D",-0.848138272762299,121
"WINTER","D",-0.850502967834473,122
"PARIS","D",-0.857390940189362,123
"MORRIN BELLO","D",-0.860735476016998,124
"GARIBAY","D",-0.861488044261932,125
"KHAN","D",-0.866563975811005,126
"MENAPACE","D",-0.869589626789093,127
"SWEET","D",-0.871427834033966,128
"LINEHAN","D",-0.872855484485626,129
"TURCO","D",-0.878330051898956,130
"ROSARIO","D",-0.881125926971436,131
"HUGHES","D",-0.888416349887848,132
"FELIPE","D",-0.890606701374054,133
"HALL, J.","D",-0.899084210395813,134
"SHAKE","D",-0.901295721530914,135
"GILCHREST","D",-0.907035171985626,136
"EXUM","D",-0.908189713954926,137
"HADDAD","D",-0.909250617027283,138
"SHANNON","D",-0.912541389465332,139
"LUXENBERG","D",-0.918637573719025,140
"STAFSTROM","D",-0.924347817897797,141
"DEMICCO","D",-0.926955044269562,142
"ELLIOTT","D",-0.929851830005646,143
"BERGER-GIRVALO","D",-0.945951402187347,144
"LEMAR","D",-0.952958106994629,145
"SIMMS","D",-0.956386804580688,146
"GAUTHIER","D",-0.959762156009674,147
"KAVROS DEGRAW","D",-0.970570147037506,148
"KEITT","D",-0.999634444713593,149
"CHAFEE","D",-1,150
"FARRAR","D",-1,151
"MARTINEZ, R.","D",-1,152
"ROCHELLE","D",-1,153
